Red,Green,Blue,Actual pH
64.33333333,53.66666667,62,2
55.66666667,51.66666667,57,4
135.6666667,99,31.66666667,7
174.6666667,79,54.33333333,10
145,40,45.66666667,12
