Red,Green,Blue,Actual pH
52.66666667,43.66666667,51,2
55.66666667,54,55.33333333,4
145.3333333,108,28.33333333,7
152.6666667,55,30.66666667,10
134,34.66666667,41,12
